,Brand,Resolution,Size ,Selling Price,Original Price,Operating System,Rating,category
0,TOSHIBA,Ultra HD LED,55,37999,54990,VIDAA,4.3,Televisions
1,TCL ,QLED Ultra HD,55,52999,129990,Android,4.4,Televisions
2,realme ,HD LED,32,13999,17999,Android,4.3,Televisions
3,Mi ,HD LED,32,14999,19999,Android,4.4,Televisions
4,realme ,HD LED,32,12999,21999,Android,4.3,Televisions
5,OnePlus,HD LED,32,15999,19999,Android,4.3,Televisions
6,OnePlus,Full HD LED,43,25999,29999,Android,4.3,Televisions
7,TCL ,Ultra HD LED,65,57999,119990,Android,4.2,Televisions
8,Mi ,Full HD LED,40,21999,29999,Android,4.3,Televisions
9,realme ,Ultra HD LED,43,26999,32999,Android,4.3,Televisions
10,Mi ,Ultra HD LED,43,27999,34999,Android,4.3,Televisions
11,Hisense,Ultra HD LED,55,36999,49990,Android,4.4,Televisions
12,Mi ,Ultra HD LED,50,35999,41999,Android,4.3,Televisions
13,Mi ,HD LED,32,15499,19999,Android,4.3,Televisions
14,Mi ,HD LED,32,14999,19999,Android,4.3,Televisions
15,Hisense,Ultra HD LED,70,89999,119990,Android,4.4,Televisions
16,LG ,HD LED,32,17499,21990,Linux,4.4,Televisions
17,Mi ,Full HD LED,43,25999,31999,Android,4.3,Televisions
18,Mi ,Ultra HD LED,55,45999,69999,Android,4.2,Televisions
19,TOSHIBA,Ultra HD LED,43,27999,39990,VIDAA,4.3,Televisions
21,Mi ,Ultra HD LED,43,31999,49999,Android,4.2,Televisions
22,iFFALCON by TCL,Ultra HD LED,55,32999,70990,Android,4.3,Televisions
23,TCL ,Ultra HD LED,50,33999,62990,Android,4.4,Televisions
24,OnePlus,Full HD LED,40,22499,27999,Android,4.3,Televisions
25,Coocaa ,HD LED,32,10999,36990,Android,4.2,Televisions
26,TOSHIBA,HD LED,32,12499,14990,VIDAA,4.4,Televisions
27,Mi ,Full HD LED,43,24999,34999,Android,4.3,Televisions
28,SAMSUNG,Ultra HD LED,43,38990,54900,Tizen,4.3,Televisions
29,Mi ,Ultra HD LED,55,42999,49999,Android,4.3,Televisions
30,LG ,Full HD LED,43,33490,40990,WebOS,4.4,Televisions
31,Infinix,Full HD LED,43,20499,24999,Android,4.2,Televisions
32,Mi ,Ultra HD LED,50,41999,59999,Android,4.2,Televisions
33,Infinix,HD LED,32,11999,17999,Android,4.2,Televisions
34,LG ,Ultra HD LED,55,52999,79990,WebOS,4.4,Televisions
35,Vu,Ultra HD LED,55,46999,85000,Android,4.4,Televisions
36,Nokia ,Ultra HD LED,43,32999,48999,Android,4.4,Televisions
37,Vu,Ultra HD LED,43,31000,39999,Android,4.4,Televisions
38,Nokia ,Ultra HD LED,50,39999,59999,Android,4.4,Televisions
39,Thomson,Ultra HD LED,50,32999,40999,Android,4.4,Televisions
40,Thomson,HD LED,24,8499,10499,Android,4.1,Televisions
41,Mi ,QLED Ultra HD,55,58999,59999,Android,4.4,Televisions
42,OnePlus,Ultra HD LED,55,49999,59999,Android,4.3,Televisions
43,Vu,Ultra HD LED,50,40999,65000,Android,4.4,Televisions
44,LG ,Ultra HD LED,43,42990,59990,WebOS,4.5,Televisions
45,iFFALCON by TCL,Ultra HD LED,43,24999,47990,Android,4.3,Televisions
46,Nokia ,Ultra HD LED,43,31999,45999,Android,4.1,Televisions
47,Thomson,Full HD LED,42,20499,27999,Android,4.3,Televisions
48,Thomson,Ultra HD LED,55,34999,46999,Android,4.2,Televisions
49,iFFALCON by TCL,Full HD LED,43,21999,44990,Android,4.2,Televisions
50,Nokia ,Ultra HD LED,55,44999,62999,Android,4.4,Televisions
51,SONY ,HD LED,32,25490,29900,Linux,4.5,Televisions
52,Thomson,Ultra HD LED,50,31999,42999,Android,4.2,Televisions
53,KODAK ,Ultra HD LED,55,36999,47999,Android,4.4,Televisions
54,MOTOROLA,Ultra HD LED,43,32999,46999,Android,4.3,Televisions
55,Thomson,Full HD LED,40,19499,21499,Android,4.4,Televisions
56,SAMSUNG,HD LED,32,18490,20900,Tizen,4.3,Televisions
57,LG ,Ultra HD LED,50,49999,64990,WebOS,4.4,Televisions
58,iFFALCON by TCL,Ultra HD LED,55,35999,106990,Android,4.3,Televisions
59,Thomson,HD LED,32,11999,14499,Android,4.4,Televisions
60,MOTOROLA,QLED Ultra HD,50,45999,59999,Android,4.3,Televisions
61,MOTOROLA,Full HD LED,40,24999,39999,Android,4.4,Televisions
62,KODAK ,HD LED,32,12999,18499,Android,4.4,Televisions
63,SAMSUNG,Ultra HD LED,50,51990,71400,Tizen,4.3,Televisions
64,MOTOROLA,HD LED,32,20999,29999,Android,4.4,Televisions
65,TCL ,QLED Ultra HD,50,45999,109990,Android,4.4,Televisions
66,SONY ,Full HD LED,43,43490,44900,Linux,4.5,Televisions
67,PHILIPS,Ultra HD LED,58,45999,89990,Android,4.2,Televisions
68,Coocaa ,Ultra HD LED,55,34999,73990,Android,4.3,Televisions
69,PHILIPS,Ultra HD LED,50,38999,69990,Linux,4.2,Televisions
70,Nokia ,QLED Ultra HD,55,54999,79999,Android,4.2,Televisions
71,SONY ,Full HD LED,49,44999,69900,Android,4.5,Televisions
72,KODAK ,Full HD LED,40,19499,20999,Android,4.4,Televisions
73,KODAK ,Full HD LED,42,20499,27999,Android,4.4,Televisions
74,MOTOROLA,Ultra HD LED,50,39999,54999,Android,4.3,Televisions
75,Acer,HD LED,32,13999,19990,Android,3.9,Televisions
76,TCL ,Full HD LED,55,41999,109990,Android,4.3,Televisions
77,SAMSUNG,HD LED,32,16290,16400,Tizen,4.3,Televisions
78,TCL ,Ultra HD LED,43,29999,51990,Linux,4.4,Televisions
79,Blaupunkt,Full HD LED,42,20999,29999,Android,4.4,Televisions
80,PHILIPS,Full HD LED,43,29999,44990,Android,4.2,Televisions
81,Nokia ,Ultra HD LED,55,39999,59999,Android,4.3,Televisions
82,Hisense,Ultra HD LED,55,46999,59990,Android,4.5,Televisions
83,realme ,Ultra HD LED,50,39999,42999,Android,4.3,Televisions
84,SAMSUNG,QLED Ultra HD,55,76999,129900,Tizen,4.5,Televisions
85,Nokia ,HD LED,32,16499,19999,Android,4.3,Televisions
86,PHILIPS,Ultra HD LED,50,42999,79990,Android,4.0,Televisions
87,Mi ,Full HD LED,43,24999,25999,Android,4.4,Televisions
88,Acer,Full HD LED,42,21999,29990,Android,3.9,Televisions
89,Acer,Ultra HD LED,50,34999,44990,Android,3.6,Televisions
90,KODAK ,Ultra HD LED,43,25999,37999,Android,4.4,Televisions
91,Nokia ,Ultra HD LED,50,35999,54999,Android,4.3,Televisions
92,Coocaa ,Full HD LED,42,18999,48990,Android,4.2,Televisions
93,Blaupunkt,Ultra HD LED,50,34499,47999,Android,4.7,Televisions
94,SAMSUNG,Ultra HD LED,55,55990,76900,Tizen,4.3,Televisions
95,iFFALCON by TCL,QLED Ultra HD,55,44999,126990,Android,4.3,Televisions
96,Thomson,Ultra HD LED,65,53999,70499,Android,4.4,Televisions
97,SAMSUNG,Full HD LED,32,20880,24275,Tizen,4.2,Televisions
98,iFFALCON by TCL,Full HD LED,40,19999,36990,Android,4.3,Televisions
99,Blaupunkt,Ultra HD LED,43,28999,41999,Android,4.7,Televisions
100,Thomson,Ultra HD LED,43,22999,29999,Android,4.3,Televisions
101,Adsun,HD LED,32,8699,16999,Android,3.8,Televisions
102,LG ,Ultra HD LED,55,57999,89990,WebOS,4.5,Televisions
103,SONY ,Ultra HD LED,43,44999,66900,Linux,4.5,Televisions
104,SAMSUNG,QLED Ultra HD,50,84999,119900,Tizen,4.8,Televisions
105,TCL ,Ultra HD LED,55,39999,75990,Android,4.4,Televisions
106,Acer,Ultra HD LED,58,38999,59990,Android,4.0,Televisions
107,Thomson,Ultra HD LED,43,27999,37999,Android,4.4,Televisions
108,SAMSUNG,QLED Ultra HD,50,68999,112900,Tizen,4.5,Televisions
109,Vu,Ultra HD LED,65,56999,75000,Android,4.4,Televisions
110,TCL ,HD LED,32,16499,29990,Android,4.2,Televisions
111,Hisense,Ultra HD LED,43,29990,36990,Android,4.3,Televisions
112,KODAK ,Ultra HD LED,55,34499,39990,Android,4.3,Televisions
113,SONY ,Full HD LED,43,44900,44900,Linux,4.6,Televisions
114,Blaupunkt,Ultra HD LED,55,39999,55999,Android,4.7,Televisions
115,Thomson,HD LED,32,11999,14990,Android,4.1,Televisions
116,Hisense,Ultra HD LED,43,30999,36990,Android,4.4,Televisions
117,SAMSUNG,Full HD LED,43,32999,53900,Tizen,4.4,Televisions
118,SAMSUNG,Full HD LED,43,36580,39900,Tizen,4.3,Televisions
119,KODAK ,HD LED,24,8499,10499,Android,4.0,Televisions
120,Thomson,Ultra HD LED,55,34999,46999,Android,4.3,Televisions
121,SONY ,Ultra HD LED,43,56720,72900,Linux,4.8,Televisions
122,T-Series,HD LED,24,9990,12990,Android,,Televisions
123,MOTOROLA,HD LED,32,17999,21799,Android,4.3,Televisions
124,Panasonic,Ultra HD LED,50,37999,42990,Android,4.2,Televisions
125,MOTOROLA,QLED Ultra HD,55,55999,63999,Android,4.3,Televisions
126,TCL ,Full HD LED,65,63999,159990,Android,4.3,Televisions
127,Coocaa ,Ultra HD LED,43,23999,54990,Android,4.3,Televisions
128,LG ,Ultra HD LED,55,65999,109990,WebOS,4.5,Televisions
129,Coocaa ,Ultra HD LED,50,31499,64990,Android,4.3,Televisions
130,TCL ,Full HD LED,43,27190,47990,Android,4.3,Televisions
131,Vu,Ultra HD LED,43,30999,36000,Android,4.3,Televisions
132,TOSHIBA,Full HD LED,43,22499,26990,VIDAA,4.4,Televisions
133,Hisense,Ultra HD LED,58,41999,50990,Android,4.4,Televisions
134,MOTOROLA,Ultra HD LED,65,56999,115399,Android,4.3,Televisions
135,LG ,HD LED,32,24057,29990,WebOS,4.3,Televisions
136,SAMSUNG,QLED Ultra HD,50,73990,119900,Tizen,4.3,Televisions
137,Nokia ,Full HD LED,43,26999,39999,Android,4.2,Televisions
138,Micromax,HD LED,32,13299,19900,Android,4.4,Televisions
139,KODAK ,Ultra HD LED,50,32999,42999,Android,4.4,Televisions
140,Micromax,HD LED,39,18999,24990,Android,3.5,Televisions
141,KODAK ,Ultra HD LED,50,30999,33999,Android,4.3,Televisions
142,Nokia ,Ultra HD LED,55,44999,59999,Android,4.1,Televisions
143,iFFALCON by TCL,Ultra HD LED,65,53999,106990,Android,4.3,Televisions
144,PHILIPS,Ultra HD LED,58,41999,119990,Android,4.2,Televisions
145,Sansui ,Ultra HD LED,50,36990,45190,Android,4.5,Televisions
146,SAMSUNG,QLED Ultra HD,43,59990,94900,Tizen,4.7,Televisions
147,LG ,HD LED,32,19890,27990,Linux,4.3,Televisions
148,OnePlus,Ultra HD LED,55,52999,59999,Android,4.3,Televisions
149,MOTOROLA,Ultra HD LED,43,35999,49999,Android,4.4,Televisions
150,SONY ,Full HD LED,43,46799,52900,Android,4.7,Televisions
151,TCL ,Full HD LED,50,34999,89990,Android,4.3,Televisions
152,SAMSUNG,Ultra HD LED,43,41900,49990,Tizen,,Televisions
153,Panasonic,Ultra HD LED,55,46999,109900,Linux,4.2,Televisions
154,LG ,Ultra HD LED,43,41349,57990,WebOS,,Televisions
155,SONY ,Ultra HD LED,43,67990,74900,Linux,4.7,Televisions
156,SAMSUNG,HD LED,32,21600,22900,Tizen,4.5,Televisions
157,SAMSUNG,QLED Ultra HD,65,121990,222900,Tizen,4.3,Televisions
158,MOTOROLA,Ultra HD LED,65,66999,79999,Android,4.4,Televisions
159,LG ,Ultra HD LED,65,83599,119990,WebOS,4.4,Televisions
160,SAMSUNG,QLED Ultra HD,55,128999,169900,Tizen,4.6,Televisions
161,SONY ,Ultra HD LED,49,75099,89900,Android,4.4,Televisions
162,SONY ,Ultra HD LED,55,73999,99990,Linux,4.5,Televisions
163,Croma ,HD LED,32,10990,20000,Android,4.8,Televisions
164,SAMSUNG,Ultra HD LED,50,57989,73900,Tizen,4.7,Televisions
165,LG ,Ultra HD LED,65,129999,229900,WebOS,5.0,Televisions
166,SAMSUNG,QLED Ultra HD,55,84990,134900,Tizen,4.7,Televisions
167,SAMSUNG,Ultra HD LED,43,45400,56900,Linux,4.3,Televisions
168,Croma ,HD LED,24,7990,15000,Android,,Televisions
169,LG ,Ultra HD LED,55,137490,299990,WebOS,,Televisions
170,SAMSUNG,HD LED,32,29900,29900,Tizen,3.8,Televisions
171,TCL ,HD LED,32,14339,22990,Android,4.3,Televisions
172,LG ,Ultra HD LED,48,89999,169990,WebOS,2.7,Televisions
173,TCL ,Ultra HD LED,65,146999,299990,Android,,Televisions
174,LG ,Ultra HD LED,43,54990,54990,WebOS,4.4,Televisions
175,LG ,Ultra HD LED,55,64999,93990,WebOS,4.3,Televisions
176,LG ,HD LED,32,28401,30990,WebOS,4.4,Televisions
177,Sansui ,Full HD LED,43,27490,33990,Android,4.1,Televisions
178,LG ,Ultra HD LED,43,43599,59990,WebOS,,Televisions
179,SAMSUNG,Ultra HD LED,55,59990,88900,Tizen,,Televisions
180,LG ,Ultra HD LED,55,76197,129990,WebOS,4.8,Televisions
181,realme ,Full HD LED,32,17999,23999,Android,4.2,Televisions
182,Micromax,Full HD LED,43,22999,26990,Android,3.9,Televisions
183,SAMSUNG,QLED Ultra HD,55,159500,244900,Tizen,4.4,Televisions
184,Micromax,Full HD LED,43,23990,33000,Android,4.3,Televisions
185,LG ,Ultra HD LED,43,47499,75343,WebOS,4.5,Televisions
186,LG ,Ultra HD LED,43,46969,64990,WebOS,,Televisions
187,TCL ,Full HD LED,75,144790,259990,Android,4.3,Televisions
188,LG ,HD LED,32,22200,25999,WebOS,4.3,Televisions
189,Candes ,HD LED,24,9999,17990,Android,4.1,Televisions
190,SAMSUNG,Ultra HD LED,50,55790,69900,Tizen,,Televisions
191,SAMSUNG,QLED Ultra HD,55,89390,134900,Tizen,,Televisions
192,LG ,Ultra HD LED,43,46590,59990,WebOS,4.5,Televisions
193,LG ,Full HD LED,55,103990,103990,WebOS,4.2,Televisions
194,SAMSUNG,Ultra HD LED,65,85990,116900,Tizen,4.3,Televisions
195,SAMSUNG,QLED Ultra HD,65,318700,399900,Tizen,,Televisions
196,SAMSUNG,Ultra HD LED,43,44870,54900,Tizen,,Televisions
197,SAMSUNG,Ultra HD LED,43,38999,48900,Tizen,4.3,Televisions
198,Mi ,HD LED,32,14999,14999,Android,4.4,Televisions
199,LG ,Ultra HD LED,55,57200,84990,WebOS,,Televisions
200,LG ,Ultra HD LED,65,139999,254990,WebOS,,Televisions
201,Dyanora,Full HD LED,42,18499,32999,Android,,Televisions
202,SONY ,Ultra HD LED,65,169900,239900,Linux,,Televisions
203,iFFALCON by TCL,QLED Ultra HD,65,84999,229990,Android,4.3,Televisions
204,SONY ,Ultra HD LED,55,102290,139900,Android,,Televisions
205,Dyanora,HD LED,32,10999,15999,Android,4.3,Televisions
206,LG ,Ultra HD LED,65,199999,349990,WebOS,4.4,Televisions
207,LG ,Ultra HD LED,55,99999,166990,WebOS,,Televisions
208,LG ,Ultra HD LED,55,155879,226990,WebOS,,Televisions
209,LG ,Ultra HD LED,65,279990,399990,WebOS,,Televisions
210,SAMSUNG,Ultra HD LED,55,64299,86900,Tizen,4.6,Televisions
211,SONY ,Ultra HD LED,75,199491,299900,Linux,4.7,Televisions
212,SAMSUNG,QLED Ultra HD,65,224999,279900,Tizen,5.0,Televisions
213,SAMSUNG,Ultra HD LED,55,104900,104900,Tizen,4.4,Televisions
214,LG ,Ultra HD LED,43,43599,59990,WebOS,,Televisions
215,Hisense,HD LED,32,18490,24990,Android,,Televisions
216,LG ,Full HD LED,43,36499,41990,WebOS,4.4,Televisions
217,SAMSUNG,QLED Ultra HD,55,144990,199990,Tizen,,Televisions
218,LG ,Ultra HD LED,55,128100,209990,WebOS,,Televisions
219,TCL ,Ultra HD LED,55,55499,89900,Android,4.3,Televisions
220,Micromax,Ultra HD LED,49,42490,59990,Android,4.2,Televisions
221,LG ,Ultra HD LED,55,63990,91990,WebOS,4.7,Televisions
222,SAMSUNG,QLED Ultra HD,55,163738,211900,Tizen,,Televisions
223,Blaupunkt,Ultra HD LED,65,55999,75999,Android,,Televisions
224,iFFALCON by TCL,Ultra HD LED,55,36999,59990,Android,4.3,Televisions
225,SONY ,Ultra HD LED,65,113999,179900,Android,4.4,Televisions
226,Haier ,Full HD LED,42,28240,43990,Android,5.0,Televisions
227,SAMSUNG,Ultra HD LED,65,295900,295900,Tizen,,Televisions
228,SONY ,Ultra HD LED,65,469999,529900,Android,5.0,Televisions
229,Panasonic,Ultra HD LED,55,62738,82990,Linux,,Televisions
230,SONY ,Ultra HD LED,75,259999,499900,Android,3.7,Televisions
231,LG ,Ultra HD LED,65,249999,409990,WebOS,4.8,Televisions
232,TOSHIBA,Ultra HD LED,50,33999,46990,VIDAA,4.3,Televisions
233,LG ,Full HD LED,49,77990,77990,WebOS,4.8,Televisions
234,TOSHIBA,HD LED,32,17499,18990,VIDAA,4.3,Televisions
235,iFFALCON by TCL,Ultra HD LED,75,149999,239999,Android,4.2,Televisions
236,Panasonic,Full HD LED,32,22990,24990,Android,4.2,Televisions
237,LG ,Ultra HD LED,65,93999,129990,WebOS,4.5,Televisions
238,SAMSUNG,Ultra HD LED,50,53200,64990,Tizen,,Televisions
239,T-Series,HD LED,32,12499,14990,Linux,3.7,Televisions
240,SAMSUNG,QLED Ultra HD,65,148990,259900,Tizen,,Televisions
241,SAMSUNG,Ultra HD LED,43,49990,62900,Tizen,,Televisions
242,Onida,Full HD LED,40,17999,29990,Android,4.1,Televisions
243,LG ,Ultra HD LED,65,262999,364990,WebOS,,Televisions
244,LG ,Ultra HD LED,55,149999,229990,WebOS,4.3,Televisions
245,LG ,Ultra HD LED,65,224999,379990,WebOS,5.0,Televisions
246,Haier ,Ultra HD LED,43,34999,43990,Android,4.1,Televisions
247,SONY ,HD LED,32,26374,29800,Android,4.4,Televisions
248,SONY ,Full HD LED,50,60291,64900,Linux,4.5,Televisions
249,Sansui ,Ultra HD LED,55,119990,119990,Android,4.3,Televisions
250,TCL ,Ultra HD LED,55,47499,79990,Android,3.9,Televisions
251,Vu,Ultra HD LED,55,41999,58000,Android,4.4,Televisions
252,RGL ,HD LED,24,9990,12990,HomeOS,4.0,Televisions
253,SAMSUNG,Ultra HD LED,65,294900,294900,Tizen,4.7,Televisions
254,LG ,Ultra HD LED,70,94990,169990,WebOS,,Televisions
255,Mi ,HD LED,32,15999,15999,Android,4.4,Televisions
256,KODAK ,HD LED,32,11499,20990,Android,4.3,Televisions
257,SAMSUNG,Full HD LED,43,38990,56945,Tizen,,Televisions
258,SONY ,Ultra HD LED,65,259999,449900,Android,4.3,Televisions
259,SAMSUNG,Ultra HD LED,65,159500,234900,Tizen,4.6,Televisions
260,LG ,Ultra HD LED,65,164999,264990,WebOS,4.7,Televisions
261,SONY ,Ultra HD LED,65,149999,244900,Android,4.7,Televisions
262,SAMSUNG,QLED Ultra HD,49,74990,129900,Tizen,4.7,Televisions
263,PHILIPS,Full HD LED,43,28999,35990,Linux,4.1,Televisions
264,Onida,Ultra HD LED,58,53199,79990,Android,4.2,Televisions
265,SAMSUNG,Ultra HD LED,75,169990,254900,Tizen,,Televisions
266,SAMSUNG,QLED Ultra HD,55,84999,133900,Tizen,4.6,Televisions
267,LG ,Ultra HD LED,55,124999,177990,WebOS,4.4,Televisions
268,LG ,Ultra HD LED,75,385099,549990,WebOS,,Televisions
269,Candes ,HD LED,32,11299,22690,Android,3.9,Televisions
270,SAMSUNG,Ultra HD LED,49,179900,179900,Tizen,4.3,Televisions
271,SAMSUNG,Full HD LED,43,62900,62900,Tizen,3.9,Televisions
272,SONY ,Ultra HD LED,55,80799,94900,Linux,4.6,Televisions
273,SONY ,Ultra HD LED,49,64599,76900,Android,4.6,Televisions
274,Dyanora,HD LED,32,12499,18999,Android,,Televisions
275,MOTOROLA,Ultra HD LED,43,30999,46050,Android,4.3,Televisions
276,SAMSUNG,QLED Ultra HD,65,470900,470900,Tizen,,Televisions
277,SONY ,Ultra HD LED,55,129990,155990,Linux,,Televisions
278,SAMSUNG,Ultra HD LED,55,61890,79400,Tizen,,Televisions
279,SAMSUNG,QLED Ultra HD,65,199990,284990,Tizen,,Televisions
280,SAMSUNG,Ultra HD LED,55,204900,204900,Tizen,3.0,Televisions
281,TCL ,Full HD LED,40,26990,39990,Android,4.2,Televisions
282,LG ,Ultra HD LED,55,64990,102990,WebOS,4.3,Televisions
283,SAMSUNG,QLED Ultra HD,55,314900,314900,Tizen,,Televisions
284,Sansui ,Ultra HD LED,55,69200,69200,Android,3.7,Televisions
285,Lloyd ,Ultra HD LED,65,74999,153990,Linux,4.8,Televisions
286,SONY ,Ultra HD LED,55,109999,164900,Android,3.6,Televisions
287,Thomson,HD LED,32,16999,16999,Android,4.1,Televisions
288,LG ,Ultra HD LED,55,61999,94990,WebOS,,Televisions
289,PHILIPS,HD LED,32,18999,20990,Android,4.1,Televisions
290,SAMSUNG,Ultra HD LED,49,64499,99900,Tizen,4.5,Televisions
291,LG ,Ultra HD LED,55,81999,149990,WebOS,4.8,Televisions
292,Panasonic,HD LED,32,28399,28400,Android,4.2,Televisions
293,LG ,Ultra HD LED,65,199999,349990,WebOS,,Televisions
294,SAMSUNG,Ultra HD LED,65,89990,124990,Tizen,,Televisions
295,LumX ,Full HD LED,43,21990,46900,Android,,Televisions
296,SAMSUNG,QLED Ultra HD,43,59700,82400,Tizen,,Televisions
297,LG ,Ultra HD LED,65,269999,339990,WebOS,,Televisions
298,SAMSUNG,Ultra HD LED,75,239999,394900,Tizen,,Televisions
299,SAMSUNG,Ultra HD LED,55,241900,241900,Tizen,3.9,Televisions
300,SAMSUNG,Ultra HD LED,65,122299,209900,Tizen,4.7,Televisions
301,SONY ,Ultra HD LED,55,164999,329900,Android,4.7,Televisions
302,LG ,Full HD LED,49,74990,74990,WebOS,4.5,Televisions
303,SONY ,Ultra HD LED,65,179999,224900,Android,4.9,Televisions
304,SAMSUNG,QLED Ultra HD,65,258999,419900,Tizen,,Televisions
305,SONY ,Ultra HD LED,65,112100,179990,Android,4.7,Televisions
306,SONY ,HD LED,32,26990,29900,Linux,4.4,Televisions
307,Sansui ,HD LED,32,21499,22990,Android,,Televisions
308,LG ,Full HD LED,43,38899,45900,WebOS,3.7,Televisions
309,SAMSUNG,Ultra HD LED,55,62980,80000,Tizen,,Televisions
310,LG ,Ultra HD LED,65,89978,149990,WebOS,,Televisions
311,Panasonic,Ultra HD LED,55,50499,65490,Linux,,Televisions
312,TCL ,Ultra HD LED,65,86091,109990,Android,4.3,Televisions
313,SAMSUNG,Full HD LED,55,118900,118900,Tizen,4.0,Televisions
314,SONY ,Ultra HD LED,50,81990,99900,Android,4.7,Televisions
315,SAMSUNG,Ultra HD LED,49,129900,129900,Tizen,4.4,Televisions
316,LG ,Full HD LED,49,64900,64900,WebOS,4.2,Televisions
317,Croma ,Ultra HD LED,55,50990,75000,FireTV OS,,Televisions
318,SAMSUNG,HD LED,32,18490,22500,Tizen,4.0,Televisions
319,LG ,Ultra HD LED,55,114999,189990,WebOS,2.7,Televisions
320,Candes ,Full HD LED,40,15999,29990,Android,4.1,Televisions
321,SAMSUNG,Ultra HD LED,65,89990,115990,Tizen,,Televisions
322,PHILIPS,Ultra HD LED,50,37999,105990,Android,4.2,Televisions
323,iFFALCON by TCL,Ultra HD LED,55,43999,73990,Android,4.4,Televisions
324,SAMSUNG,Ultra HD LED,50,125900,125900,Tizen,4.3,Televisions
325,Micromax,HD LED,32,15990,22990,Android,4.2,Televisions
326,LG ,Ultra HD LED,49,80990,80990,WebOS,4.5,Televisions
327,LG ,Ultra HD LED,65,149999,219990,WebOS,5.0,Televisions
328,LG ,Full HD LED,49,67990,67990,WebOS,4.5,Televisions
329,SAMSUNG,Ultra HD LED,50,51990,67069,Tizen,4.0,Televisions
330,SAMSUNG,QLED Ultra HD,55,274900,274900,Tizen,5.0,Televisions
331,LG ,Ultra HD LED,55,324990,324990,WebOS,4.6,Televisions
332,Onix ,Ultra HD LED,50,49990,59990,Android,,Televisions
333,SAMSUNG,QLED Ultra HD,50,69990,99990,Tizen,4.0,Televisions
334,SAMSUNG,Full HD LED,43,45785,45900,Tizen,,Televisions
335,SAMSUNG,QLED Ultra HD,55,121999,143900,Tizen,4.3,Televisions
336,Croma ,HD LED,32,14990,25000,FireTV OS,,Televisions
337,Acer,HD LED,32,14999,22990,Android,3.9,Televisions
338,SAMSUNG,Full HD LED,48,49990,77900,Tizen,3.7,Televisions
339,SAMSUNG,Ultra HD LED,75,159990,266900,Tizen,,Televisions
340,iFFALCON by TCL,QLED Ultra HD,65,156990,156990,Android,,Televisions
341,SAMSUNG,Ultra HD LED,43,44990,78000,Tizen,,Televisions
342,SAMSUNG,QLED Ultra HD,65,162900,209900,Tizen,,Televisions
343,SAMSUNG,Ultra HD LED,55,145900,145900,Tizen,4.8,Televisions
344,LG ,Ultra HD LED,65,109999,209990,WebOS,5.0,Televisions
345,Dyanora,Ultra HD LED,50,27599,40999,Android,,Televisions
346,IMPEX ,HD LED,32,28690,28690,HomeOS,,Televisions
347,SAMSUNG,Ultra HD LED,43,89850,89850,Tizen,4.1,Televisions
348,LG ,Ultra HD LED,65,349999,499990,WebOS,,Televisions
349,SAMSUNG,QLED Ultra HD,55,139990,209900,Tizen,,Televisions
350,SONY ,Ultra HD LED,65,142499,199900,Android,,Televisions
351,SAMSUNG,Ultra HD LED,65,167199,269900,Tizen,,Televisions
352,IMPEX ,HD LED,39,29079,39990,HomeOS,4.2,Televisions
353,LG ,Ultra HD LED,49,120989,120990,WebOS,4.4,Televisions
354,Croma ,Full HD LED,43,31990,40000,Android,,Televisions
355,SONY ,Ultra HD LED,43,63990,72900,Linux,4.4,Televisions
356,SAMSUNG,QLED Ultra HD,55,105990,162900,Tizen,,Televisions
357,IMPEX ,HD LED,40,28399,45990,HomeOS,,Televisions
358,Vu,QLED Ultra HD,85,259999,350000,Android,4.4,Televisions
359,SAMSUNG,Ultra HD LED,55,154900,154900,Tizen,5.0,Televisions
360,Candes ,Full HD LED,40,15999,29990,Android,4.1,Televisions
361,SONY ,Ultra HD LED,50,72715,92900,Android,,Televisions
362,SAMSUNG,Full HD LED,49,65999,82500,Tizen,4.3,Televisions
363,SAMSUNG,QLED Ultra HD,65,144900,229990,Tizen,,Televisions
364,LG ,Ultra HD LED,65,229000,359990,WebOS,,Televisions
365,TCL ,HD LED,32,15000,29990,Android,4.2,Televisions
366,Sansui ,Ultra HD LED,43,29490,32290,Android,4.1,Televisions
367,SAMSUNG,QLED Ultra HD,65,122290,222900,Tizen,4.5,Televisions
368,SAMSUNG,Ultra HD LED,55,284900,284900,Tizen,3.6,Televisions
369,SAMSUNG,Ultra HD LED,65,103990,135900,Tizen,,Televisions
370,LG ,Ultra HD LED,55,97990,139989,WebOS,,Televisions
371,SAMSUNG,HD LED,24,15200,15200,Tizen,4.2,Televisions
372,Vu,Ultra HD LED,55,46899,75000,Android,4.4,Televisions
373,Candes ,HD LED,24,9999,17990,Android,4.1,Televisions
374,Hisense,HD LED,32,17499,17990,Android,4.2,Televisions
375,Onida,HD LED,39,23990,31990,Android,3.9,Televisions
376,SAMSUNG,Full HD LED,49,45700,66900,Tizen,4.2,Televisions
377,Candes ,Full HD LED,40,15999,29990,Android,4.1,Televisions
378,SAMSUNG,Ultra HD LED,49,146900,146900,Tizen,4.5,Televisions
379,LG ,Full HD LED,49,40000,65900,Linux,4.2,Televisions
380,BPL ,Ultra HD LED,55,50490,73000,Android,,Televisions
381,Dyanora,HD LED,24,7999,10999,Android,4.3,Televisions
382,SAMSUNG,HD LED,32,19599,25900,Tizen,4.3,Televisions
383,SAMSUNG,QLED Ultra HD,65,219990,257900,Tizen,,Televisions
384,SAMSUNG,QLED Ultra HD,55,89990,163900,Tizen,4.7,Televisions
385,Croma ,Ultra HD LED,43,35990,50000,FireTV OS,5.0,Televisions
386,CloudWalker,Ultra HD LED,65,59999,94990,Android,4.0,Televisions
387,TCL ,QLED Ultra HD,55,47990,99990,Android,,Televisions
388,MarQ by Flipkart,Ultra HD LED,65,64999,94499,Android,4.4,Televisions
389,LG ,Ultra HD LED,75,189999,284990,WebOS,3.0,Televisions
390,Panasonic,Ultra HD LED,65,86890,93500,Linux,,Televisions
391,SAMSUNG,QLED Ultra HD,50,69744,99900,Tizen,,Televisions
392,Nokia ,Ultra HD LED,65,57999,79999,Android,4.3,Televisions
393,Thomson,HD LED,32,13499,15499,Android,4.4,Televisions
394,SAMSUNG,Full HD LED,43,36990,38900,Tizen,4.1,Televisions
395,Thomson,Full HD LED,43,20499,25999,Android,4.4,Televisions
396,Blaupunkt,HD LED,32,12999,19499,Android,4.4,Televisions
397,Lloyd ,HD LED,32,20990,25900,Linux,4.8,Televisions
398,Oxygen ,Ultra HD LED,50,35990,52990,Android,,Televisions
399,Panasonic,Ultra HD LED,65,90314,119990,Linux,,Televisions
400,Croma ,HD LED,32,20990,30000,Android,3.7,Televisions
401,Croma ,Full HD LED,43,30990,40000,FireTV OS,,Televisions
402,Micromax,HD LED,32,23989,23990,Android,4.2,Televisions
403,SAMSUNG,HD LED,32,23000,25900,Tizen,4.4,Televisions
404,Power Guard,HD LED,32,15499,24990,Android,,Televisions
405,Akai ,Ultra HD LED,65,72940,124990,Android,,Televisions
406,VG ,Ultra HD LED,43,24990,51000,Android,,Televisions
407,Croma ,HD LED,32,19490,25000,FireTV OS,,Televisions
408,Infinix,Full HD LED,40,18999,26990,Android,4.2,Televisions
409,Adsun,HD LED,24,6799,10999,Android,3.8,Televisions
410,TCL ,Ultra HD LED,65,68990,127445,Android,4.5,Televisions
411,KODAK ,Full HD LED,43,22499,24999,Android,4.4,Televisions
412,MOTOROLA,Full HD LED,43,27999,35500,Android,4.3,Televisions
413,Onix ,Full HD LED,43,29990,38790,Android,4.9,Televisions
415,LG ,Ultra HD LED,48,105990,110690,WebOS,,Televisions
416,LG ,Ultra HD LED,65,174999,209990,WebOS,,Televisions
417,TCL ,HD LED,32,15499,22990,Android,4.2,Televisions
418,Onix ,Full HD LED,43,39000,46990,Android,,Televisions
419,TCL ,Ultra HD LED,55,104999,239990,Android,,Televisions
420,SAMSUNG,Ultra HD LED,55,149900,149900,Tizen,,Televisions
421,Haier ,Full HD LED,43,30490,38990,Android,4.3,Televisions
422,VG ,HD LED,39,18990,26000,Android,,Televisions
423,SAMSUNG,Ultra HD LED,49,129900,129900,Tizen,3.4,Televisions
424,LG ,Full HD LED,49,77900,77900,WebOS,4.1,Televisions
425,SAMSUNG,Ultra HD LED,49,136500,136500,Tizen,4.4,Televisions
426,KODAK ,HD LED,32,11499,15999,Android,4.1,Televisions
427,Onix ,HD LED,32,15990,16990,Android,,Televisions
428,LG ,Ultra HD LED,48,103990,199990,WebOS,,Televisions
429,SAMSUNG,QLED Ultra HD,49,84990,110900,Tizen,,Televisions
430,Sansui ,Ultra HD LED,43,34999,34999,Android,4.3,Televisions
431,Panasonic,HD LED,32,21078,25490,Android,,Televisions
432,Sansui ,HD LED,32,16990,20990,Linux,4.1,Televisions
433,SAMSUNG,Full HD LED,43,48900,48900,Tizen,4.2,Televisions
434,Candes ,Full HD LED,40,15999,29990,Android,4.1,Televisions
435,SAMSUNG,Ultra HD LED,65,94990,145900,Tizen,2.8,Televisions
436,Compaq ,QLED Ultra HD,65,99999,229990,Android,4.4,Televisions
437,Panasonic,Ultra HD LED,65,103353,129990,Linux,,Televisions
438,HUIDI ,HD LED,32,10999,18599,Android,4.0,Televisions
439,IMPEX ,HD LED,32,29790,29790,HomeOS,,Televisions
440,HUIDI ,HD LED,24,7499,10999,Android,4.0,Televisions
441,LG ,HD LED,32,18450,19990,Linux,4.2,Televisions
442,Adsun,HD LED,32,9799,21999,Android,3.8,Televisions
443,Micromax,HD LED,32,13999,24990,Android,3.7,Televisions
444,Croma ,HD LED,32,15990,20000,Android,,Televisions
445,Sansui ,HD LED,32,15290,20990,Linux,,Televisions
446,TCL ,QLED Ultra HD,65,89999,189990,Android,4.4,Televisions
447,HUIDI ,HD LED,40,16999,27999,Android,4.0,Televisions
448,Coocaa ,HD LED,32,12499,25990,Android,4.2,Televisions
449,TCL ,QLED Ultra HD,55,59999,189990,Android,3.9,Televisions
450,Sansui ,Full HD LED,40,24990,29290,Linux,3.7,Televisions
451,Intex ,HD LED,39,19800,33330,Android,4.2,Televisions
452,SAMSUNG,QLED Ultra HD,49,64990,101900,Tizen,4.8,Televisions
453,SAMSUNG,QLED Ultra HD,55,105990,189990,Tizen,,Televisions
454,LumX ,HD LED,32,11990,26900,Android,3.7,Televisions
455,Candes ,Full HD LED,43,20999,38490,Android,4.1,Televisions
456,Haier ,Ultra HD LED,65,69590,106990,Android,,Televisions
457,Haier ,Ultra HD LED,65,99999,149990,Android,,Televisions
458,Lloyd ,Full HD LED,39,22990,32990,Linux,4.1,Televisions
459,SAMSUNG,HD LED,32,17999,23890,Tizen,4.2,Televisions
460,DETEL ,Ultra HD LED,55,35199,89000,Android,4.0,Televisions
461,BPL ,Ultra HD LED,50,42490,60000,Android,,Televisions
462,LG ,Ultra HD LED,49,59999,110990,WebOS,4.3,Televisions
463,LG ,Ultra HD LED,65,99990,169990,WebOS,4.5,Televisions
464,Haier ,HD LED,32,18590,31090,Android,,Televisions
465,JVC,Ultra HD LED,55,37999,59999,Android,4.1,Televisions
466,Panasonic,Ultra HD LED,43,35999,84900,Linux,4.4,Televisions
467,Haier ,HD LED,32,18290,22990,Android,4.0,Televisions
468,T-Series,HD LED,40,19999,28990,Android,,Televisions
469,T-Series,HD LED,32,15990,16990,Linux,,Televisions
470,Lloyd ,HD LED,32,18689,26957,Linux,,Televisions
471,Lloyd ,Full HD LED,43,34990,48990,Linux,,Televisions
472,BPL ,HD LED,32,16499,27000,Android,3.7,Televisions
473,LG ,Ultra HD LED,49,58999,90990,WebOS,4.3,Televisions
474,BPL ,HD LED,43,28990,35999,Android,,Televisions
475,SAMSUNG,HD LED,32,26900,26900,Tizen,4.0,Televisions
476,SONY ,Ultra HD LED,65,191492,364900,Android,3.8,Televisions
477,Lloyd ,Ultra HD LED,50,44999,84990,Linux,4.3,Televisions
478,LG ,Ultra HD LED,65,189999,299990,WebOS,2.7,Televisions
479,Candes ,HD LED,24,8699,15990,Android,3.9,Televisions
480,SAMSUNG,Ultra HD LED,50,52890,70900,Tizen,4.0,Televisions
481,IMPEX ,Full HD LED,43,27039,32039,HomeOS,4.0,Televisions
482,Haier ,Full HD LED,50,42999,59990,Android,,Televisions
483,LG ,Ultra HD LED,43,79990,79990,WebOS,4.4,Televisions
484,LG ,Ultra HD LED,65,84990,129990,WebOS,,Televisions
485,SAMSUNG,Ultra HD LED,55,229900,229900,Tizen,,Televisions
486,Lloyd ,HD LED,31,16485,22990,Linux,4.3,Televisions
487,TOSHIBA,Ultra HD LED,65,63999,119999,VIDAA,,Televisions
488,LG ,Ultra HD LED,55,62490,79990,WebOS,4.0,Televisions
489,SAMSUNG,Ultra HD LED,55,67990,86900,Tizen,3.9,Televisions
490,Power Guard,Ultra HD LED,55,41999,58990,Android,,Televisions
491,LG ,Full HD LED,43,39290,49990,WebOS,4.2,Televisions
492,T-Series,Full HD LED,43,26999,33990,Android,,Televisions
493,Akai ,Ultra HD LED,55,46345,59990,Android,,Televisions
494,Power Guard,HD LED,32,13300,19990,Android,,Televisions
495,Power Guard,Ultra HD LED,49,34900,54990,Android,,Televisions
496,Candes ,HD LED,24,9999,17990,Android,4.1,Televisions
497,KODAK ,Ultra HD LED,49,47990,50999,Android,4.1,Televisions
498,T-Series,HD LED,40,19999,28990,Android,,Televisions
499,Power Guard,QLED Ultra HD,50,51990,59990,Android,,Televisions
500,JVC,Ultra HD LED,43,26990,52000,Android,4.3,Televisions
501,T-Series,HD LED,40,19999,28990,Android,,Televisions
502,Dyanora,HD LED,40,15499,23999,Android,2.4,Televisions
503,SAMSUNG,Full HD LED,49,92500,92500,Tizen,4.1,Televisions
504,Power Guard,QLED Ultra HD,55,69990,74990,Android,,Televisions
505,JVC,Ultra HD LED,55,45000,69000,Android,3.9,Televisions
506,Power Guard,Ultra HD LED,65,55990,89990,Android,,Televisions
507,Hisense,QLED Ultra HD,75,499990,499990,Android,,Televisions
508,SONY ,Ultra HD LED,43,40999,61900,Android,4.6,Televisions
509,SAMSUNG,Full HD LED,43,31990,38900,Tizen,4.4,Televisions
510,SAMSUNG,Full HD LED,43,36890,45900,Tizen,4.7,Televisions
511,SAMSUNG,Full HD LED,43,39999,49900,Tizen,4.3,Televisions
512,iFFALCON by TCL,Ultra HD LED,65,53499,156990,Android,4.3,Televisions
513,Mi ,Ultra HD LED,55,47999,54999,Android,4.4,Televisions
514,SAMSUNG,Ultra HD LED,55,51999,72900,Tizen,4.5,Televisions
515,MOTOROLA,Ultra HD LED,50,34999,54050,Android,4.3,Televisions
516,TCL ,Ultra HD LED,55,38356,89990,Android,,Televisions
517,TCL ,Ultra HD LED,43,29999,55990,Linux,4.1,Televisions
518,KODAK ,Full HD LED,40,15499,31990,Android,4.3,Televisions
519,SAMSUNG,Full HD LED,43,34999,58900,Tizen,4.5,Televisions
520,Micromax,HD LED,32,12990,25075,Android,4.0,Televisions
521,SONY ,Ultra HD LED,49,49999,104900,Android,4.5,Televisions
522,LG ,Ultra HD LED,43,36990,52990,WebOS,4.4,Televisions
523,SONY ,HD LED,32,14023,25900,Android,4.4,Televisions
524,Thomson,Ultra HD LED,65,47999,79999,Android,4.4,Televisions
525,Thomson,Full HD LED,43,17999,26999,Android,4.2,Televisions
526,SAMSUNG,Ultra HD LED,43,43751,77900,Tizen,4.4,Televisions
527,TCL ,Ultra HD LED,55,37319,51990,Linux,4.3,Televisions
528,LG ,Ultra HD LED,75,149990,269900,WebOS,,Televisions
529,TOSHIBA,Ultra HD LED,55,40599,50999,VIDAA,4.3,Televisions
530,SAMSUNG,Ultra HD LED,43,36999,66900,Tizen,4.5,Televisions
531,PHILIPS,Ultra HD LED,65,78999,199990,Android,4.6,Televisions
532,Vu,Ultra HD LED,55,29950,49990,Linux,4.4,Televisions
533,Micromax,Ultra HD LED,55,49999,69990,Android,4.2,Televisions
534,LG ,Ultra HD LED,43,37890,49990,WebOS,4.5,Televisions
535,SONY ,Ultra HD LED,49,60999,84900,Linux,4.5,Televisions
536,LG ,Ultra HD LED,55,84999,166990,WebOS,4.5,Televisions
537,SAMSUNG,Full HD LED,43,36514,46900,Tizen,4.5,Televisions
538,G-TEN ,HD LED,40,15990,35890,Android,3.7,Televisions
539,LG ,Ultra HD LED,49,47249,73990,WebOS,4.3,Televisions
540,TCL ,Ultra HD LED,50,33999,62990,Android,4.4,Televisions
541,TCL ,Ultra HD LED,43,27889,52990,Android,4.4,Televisions
542,SAMSUNG,HD LED,32,11999,21900,Tizen,4.4,Televisions
543,LG ,Ultra HD LED,65,102890,172990,WebOS,5.0,Televisions
544,IMPEX ,HD LED,39,19039,26350,HomeOS,,Televisions
545,LG ,HD LED,28,13945,17990,Linux,4.4,Televisions
546,SONY ,Full HD LED,40,31999,37990,Android,4.3,Televisions
547,iFFALCON by TCL,Ultra HD LED,55,31999,70990,Android,4.4,Televisions
548,SONY ,HD LED,32,20738,22990,Android,5.0,Televisions
549,TCL ,HD LED,32,15499,25990,Linux,4.1,Televisions
550,Compaq ,QLED Ultra HD,55,59999,99999,Android,4.4,Televisions
551,SAMSUNG,Full HD LED,43,36999,58900,Tizen,4.3,Televisions
552,PHILIPS,Full HD LED,43,24999,55990,Linux,4.0,Televisions
553,Haier ,Full HD LED,40,25590,36990,Android,4.7,Televisions
554,SAMSUNG,Ultra HD LED,43,36106,69900,Tizen,4.3,Televisions
555,SAMSUNG,Full HD LED,43,24726,45900,Tizen,3.8,Televisions
556,TCL ,Ultra HD LED,43,25999,48990,Linux,4.1,Televisions
557,Vu,Ultra HD LED,75,84999,130000,Linux,4.1,Televisions
560,IMPEX ,Full HD LED,43,36379,52990,HomeOS,4.0,Televisions
561,SAMSUNG,HD LED,32,15210,27900,Tizen,4.3,Televisions
562,TCL ,HD LED,24,7499,11990,HomeOS,4.0,Televisions
563,PHILIPS,Full HD LED,42,42000,42000,Android,3.8,Televisions
564,Micromax,HD LED,32,14999,27990,Android,4.1,Televisions
565,Sanyo ,Ultra HD LED,55,50999,76990,Linux,4.5,Televisions
566,SONY ,Ultra HD LED,55,134993,299900,Linux,,Televisions
567,SONY ,HD LED,32,22999,27990,Linux,4.4,Televisions
568,Micromax,HD LED,20,6498,10590,Android,4.2,Televisions
569,SONY ,Ultra HD LED,55,82493,129900,Android,4.8,Televisions
570,LG ,HD LED,32,28311,30900,WebOS,3.7,Televisions
571,Vu,HD LED,32,13999,19000,Android,4.3,Televisions
572,SONY ,Ultra HD LED,49,66104,129900,Android,4.4,Televisions
573,SAMSUNG,Ultra HD LED,43,35999,52900,Tizen,4.5,Televisions
574,Panasonic,Full HD LED,43,36999,49900,Android,4.4,Televisions
575,LG ,Ultra HD LED,50,44990,66990,WebOS,4.4,Televisions
576,LG ,HD LED,24,14771,15900,Linux,4.4,Televisions
577,Micromax,HD LED,32,10499,19990,Android,4.3,Televisions
578,SAMSUNG,HD LED,32,17499,20900,Tizen,4.3,Televisions
579,Vu,Full HD LED,40,16999,32175,Android,4.4,Televisions
580,SAMSUNG,Full HD LED,40,19929,43476,Tizen,4.3,Televisions
581,TCL ,QLED Ultra HD,75,149990,399990,Android,3.9,Televisions
582,iFFALCON by TCL,Ultra HD LED,43,29999,76990,Android,4.3,Televisions
583,Panasonic,Full HD LED,49,42999,72900,Linux,4.2,Televisions
584,Vu,Full HD LED,43,22499,31000,Android,4.2,Televisions
586,Hisense,QLED Ultra HD,65,84990,109990,Android,,Televisions
587,CloudWalker,Ultra HD LED,55,36999,61990,Android,4.1,Televisions
588,SONY ,Full HD LED,32,31990,39990,Linux,4.5,Televisions
589,Sanyo ,Ultra HD LED,49,39999,64990,Linux,3.9,Televisions
590,Panasonic,Full HD LED,43,27990,56900,Android,4.1,Televisions
591,Vu,Ultra HD LED,50,37254,60000,Android,4.3,Televisions
592,LG ,Ultra HD LED,55,115658,212490,WebOS,4.6,Televisions
593,SONY ,Ultra HD LED,65,152999,269900,Android,4.5,Televisions
594,Micromax,Full HD LED,40,18990,36663,Android,4.2,Televisions
595,LG ,Full HD LED,22,13933,14500,Linux,4.6,Televisions
596,LG ,HD LED,24,14495,14500,Linux,4.4,Televisions
597,SONY ,Ultra HD LED,65,140791,209900,Android,4.8,Televisions
598,Vu,Ultra HD LED,50,27999,55000,Android,4.4,Televisions
599,Mi ,Ultra HD LED,55,43477,44999,Android,,Televisions
600,TCL ,Full HD LED,40,19489,36419,Linux,4.1,Televisions
601,Panasonic,Ultra HD LED,65,114999,179900,Linux,4.8,Televisions
602,LG ,Ultra HD LED,43,36999,55990,WebOS,4.5,Televisions
603,LG ,HD LED,32,19603,26490,Linux,4.4,Televisions
604,Samsung,Full HD LED,50,36900,36900,Tizen,3.8,Televisions
605,PHILIPS,Ultra HD LED,55,48999,89990,Android,4.0,Televisions
606,Micromax,HD LED,22,8900,10000,Android,4.2,Televisions
607,Vu,Ultra HD LED,50,50000,50000,Android,4.4,Televisions
608,Mi ,Full HD LED,49,32994,32999,Android,4.4,Televisions
609,Intex ,HD LED,32,12699,27990,Android,3.6,Televisions
610,KODAK ,Full HD LED,49,22999,31990,Android,4.3,Televisions
611,PHILIPS,HD LED,32,10840,24990,Android,4.1,Televisions
612,Onida,Full HD LED,49,29990,50990,Android,4.4,Televisions
613,Dektron,HD LED,24,6999,10999,Linux,4.3,Televisions
614,RGL ,Full HD LED,21,5200,9420,HomeOS,3.9,Televisions
615,SONY ,Full HD LED,52,37900,37900,Linux,4.6,Televisions
616,CloudWalker,Full HD LED,43,17499,32990,Android,4.3,Televisions
617,LG ,HD LED,24,15552,16900,Linux,2.0,Televisions
618,TOSHIBA,Ultra HD LED,43,28999,38999,VIDAA,,Televisions
619,LG ,Full HD LED,22,12453,13500,Linux,4.1,Televisions
620,iFFALCON by TCL,HD LED,32,13990,18990,Android,4.2,Televisions
621,LG ,Full HD LED,32,32527,38900,WebOS,4.3,Televisions
622,SAMSUNG,Full HD LED,40,33000,43850,Tizen,3.8,Televisions
623,Micromax,HD LED,24,5792,11990,Android,4.3,Televisions
624,CloudWalker,Ultra HD LED,55,84500,84500,Android,3.7,Televisions
625,SAMSUNG,Full HD LED,32,20126,40900,Tizen,4.4,Televisions
626,SAMSUNG,Full HD LED,32,15990,34900,Tizen,4.2,Televisions
627,Vu,HD LED,32,14999,15000,Android,4.3,Televisions
628,LumX ,HD LED,32,11990,23900,Android,,Televisions
629,Panasonic,Full HD LED,43,53999,59900,Android,4.4,Televisions
630,RGL ,Full HD LED,22,5490,9990,HomeOS,3.9,Televisions
631,LG ,Full HD LED,32,31990,31990,WebOS,4.4,Televisions
632,CloudWalker,HD LED,32,11999,19990,Android,4.3,Televisions
633,Sharp ,Ultra HD LED,50,37396,79990,Linux,,Televisions
634,Candes ,Full HD LED,40,15999,29990,Android,4.1,Televisions
635,Akai ,HD LED,32,17500,23190,Android,,Televisions
636,SONY ,Full HD LED,50,52999,79900,Linux,4.5,Televisions
637,LG ,Full HD LED,43,25999,35990,WebOS,4.3,Televisions
638,Candes ,HD LED,24,9999,17990,Android,4.1,Televisions
639,Onida,Ultra HD LED,43,29800,49990,Android,4.1,Televisions
640,MOTOROLA,Ultra HD LED,55,39999,61600,Android,4.3,Televisions
641,Vu,Ultra HD LED,43,23999,46165,Android,4.3,Televisions
642,CloudWalker,Full HD LED,39,14999,26990,Android,4.2,Televisions
643,LG ,HD LED,32,20776,28990,WebOS,4.5,Televisions
644,CloudWalker,HD LED,32,17989,17990,Android,4.3,Televisions
645,CloudWalker,Full HD LED,43,21999,31990,Android,4.0,Televisions
646,LG ,HD LED,24,6765,13490,Linux,4.3,Televisions
647,DETEL ,HD LED,32,7833,21999,Android,4.2,Televisions
648,Vu,HD LED,32,10999,18000,Android,4.4,Televisions
649,CloudWalker,Ultra HD LED,43,24999,37990,Android,3.9,Televisions
650,Panasonic,HD LED,32,27399,27400,Android,4.4,Televisions
651,Panasonic,Ultra HD LED,49,62999,111900,Android,2.8,Televisions
652,Panasonic,Ultra HD LED,55,90104,178900,Linux,,Televisions
653,LG ,Full HD LED,43,24930,45674,Linux,4.0,Televisions
654,Micromax,HD LED,32,16825,23990,Android,4.3,Televisions
655,Panasonic,Full HD LED,32,62900,62900,Android,,Televisions
656,KRISONS,HD LED,20,6599,7999,Android,,Televisions
657,Panasonic,Full HD LED,40,34639,39900,Android,4.1,Televisions
658,Thomson,Ultra HD LED,43,24999,39999,Android,4.4,Televisions
659,Weston ,Ultra HD LED,55,59990,59990,Android,4.2,Televisions
660,SAMSUNG,HD LED,32,13990,28900,Tizen,4.5,Televisions
661,TCL ,Ultra HD LED,65,159990,159990,Android,,Televisions
662,Panasonic,HD LED,32,26999,29900,Android,4.2,Televisions
663,Croma ,HD LED,32,13994,20000,Android,3.6,Televisions
664,TCL ,Ultra HD LED,55,116990,116990,Android,,Televisions
665,Blaupunkt,Ultra HD LED,55,29199,60000,Android,3.8,Televisions
666,TCL ,Ultra HD LED,65,159990,159990,Android,,Televisions
667,Panasonic,HD LED,32,26999,29900,Android,4.2,Televisions
668,Croma ,HD LED,32,13994,20000,Android,3.6,Televisions
669,TCL ,Ultra HD LED,55,116990,116990,Android,,Televisions
670,RGL ,Full HD LED,50,35990,39990,HomeOS,3.9,Televisions
671,SAMSUNG,Full HD LED,46,87500,87500,Tizen,3.7,Televisions
672,AISEN  ,Ultra HD LED,55,63900,64900,Android,,Televisions
673,Panasonic,Ultra HD LED,55,168900,168900,Android,3.8,Televisions
674,AISEN  ,Ultra HD LED,49,47900,48900,Android,,Televisions
675,SAMSUNG,Ultra HD LED,55,178900,178900,Tizen,3.9,Televisions
676,SAMSUNG,Full HD LED,46,145500,145500,Tizen,,Televisions
677,SAMSUNG,Full HD LED,60,210900,210900,Tizen,,Televisions
678,SAMSUNG,Full HD LED,55,160500,160500,Tizen,,Televisions
679,Samsung,Full HD LED,46,139990,139990,Tizen,4.5,Televisions
680,Samsung,Full HD LED,55,189900,189900,Tizen,4.6,Televisions
681,SAMSUNG,Full HD LED,55,267000,267000,Tizen,4.2,Televisions
682,G-TEN ,Full HD LED,43,14990,38990,Android,3.5,Televisions
683,Onida,Full HD LED,43,28999,33990,Android,4.1,Televisions
684,SAMSUNG,Full HD LED,55,218900,218900,Tizen,,Televisions
685,Samsung,Full HD LED,55,249990,249990,Tizen,4.3,Televisions
686,LG ,Full HD LED,47,112000,112000,WebOS,5.0,Televisions
687,Samsung,HD Plasma,43,45000,45000,Tizen,4.0,Televisions
688,SAMSUNG,Full HD LED,55,246900,246900,Tizen,,Televisions
689,LG ,Ultra HD LED,49,70556,84900,WebOS,,Televisions
690,Onida,HD LED,32,14990,25000,Android,4.1,Televisions
691,LG ,Full HD LED,49,62743,71900,WebOS,,Televisions
692,LG ,Ultra HD LED,55,131825,154900,WebOS,3.8,Televisions
693,LG ,Full HD LED,49,58988,66900,WebOS,4.0,Televisions
694,LG ,Full HD LED,47,105000,105000,WebOS,,Televisions
695,SAMSUNG,Ultra HD LED,55,178500,178500,Tizen,3.8,Televisions
696,Samsung,HD Plasma,49,68000,68000,Tizen,3.3,Televisions
697,LG ,Ultra HD LED,49,95007,117900,WebOS,3.4,Televisions
698,Panasonic,Full HD LED,40,49000,50000,Android,,Televisions
699,LG ,Ultra HD LED,49,77277,103900,WebOS,4.3,Televisions
700,RGL ,Full HD LED,39,16490,29990,HomeOS,3.9,Televisions
701,LG ,Full HD LED,55,250000,250000,WebOS,,Televisions
702,LG ,Ultra HD LED,49,102325,119900,WebOS,,Televisions
703,LG ,Full HD LED,49,67260,74900,WebOS,3.6,Televisions
704,LG ,Ultra HD LED,55,159589,189900,WebOS,3.9,Televisions
705,TCL ,Ultra HD LED,43,47990,47990,Android,3.7,Televisions
706,LG ,HD Plasma,50,57990,57990,WebOS,,Televisions
707,Panasonic,Full HD LED,43,30743,50900,Android,4.3,Televisions
708,LG ,Full HD LED,60,210000,210000,WebOS,4.4,Televisions
709,SAMSUNG,HD LED,32,35700,35700,Tizen,3.3,Televisions
710,LG ,Ultra HD LED,49,102325,119900,WebOS,,Televisions
711,LG ,Full HD LED,49,67260,74900,WebOS,3.6,Televisions
712,LG ,Ultra HD LED,55,159589,189900,WebOS,3.9,Televisions
713,LG ,HD Plasma,50,57990,57990,WebOS,,Televisions
714,LG ,Full HD LED,60,210000,210000,WebOS,4.4,Televisions
715,Panasonic,Full HD LED,43,30743,50900,Android,4.3,Televisions
716,IMPEX ,Full HD LED,43,54990,54990,Android,,Televisions
717,AISEN  ,Ultra HD LED,65,79990,99900,Android,,Televisions
718,SAMSUNG,Full HD LED,65,385500,385500,Tizen,,Televisions
719,LG ,Ultra HD LED,55,142237,169900,WebOS,5.0,Televisions
720,SAMSUNG,Full HD LED,75,419900,419900,Tizen,,Televisions
721,Onix ,Ultra HD LED,55,67990,67990,Android,,Televisions
722,G-TEN ,HD LED,40,12999,26350,Android,3.9,Televisions
723,LG ,Full HD LED,60,190000,190000,WebOS,4.8,Televisions
724,SAMSUNG,HD LED,48,70500,70500,Tizen,4.0,Televisions
725,TCL ,Ultra HD LED,55,74990,74990,Linux,4.3,Televisions
726,Compaq ,Full HD LED,43,22999,29999,Android,4.2,Televisions
727,Compaq ,Ultra HD LED,50,32999,39999,Android,4.4,Televisions
728,Compaq ,HD LED,32,13999,15999,Android,4.2,Televisions
729,Acer,Ultra HD LED,55,39999,54990,Android,3.8,Televisions
730,Acer,HD LED,32,14999,22990,Android,3.9,Televisions
731,Acer,Ultra HD LED,70,69999,99990,Android,4.3,Televisions
732,Acer,Ultra HD LED,43,34990,34990,Android,3.8,Televisions
733,Adsun,HD LED,39,13699,22999,Android,3.8,Televisions
734,Adsun,Ultra HD LED,55,28499,54999,Android,3.8,Televisions
735,Adsun,Ultra HD LED,50,23349,43999,Android,3.8,Televisions
736,Adsun,HD LED,39,15699,21999,Android,3.8,Televisions
737,AISEN  ,Ultra HD LED,43,33950,34950,Android,,Televisions
738,AISEN  ,HD LED,40,17990,24990,Android,3.3,Televisions
739,AISEN  ,HD LED,32,12990,13990,Android,,Televisions
740,AISEN  ,Full HD LED,32,17990,31900,Android,,Televisions
741,AISEN  ,HD LED,24,8990,9990,Android,,Televisions
742,Akai ,Ultra HD LED,65,72940,124990,Android,,Televisions
743,Akai ,QLED Ultra HD,55,55947,99990,Android,,Televisions
744,Akai ,Ultra HD LED,55,46345,59990,Android,,Televisions
745,Blaupunkt,HD LED,32,7999,18000,Android,4.2,Televisions
746,Blaupunkt,HD LED,24,5999,11000,Android,4.1,Televisions
747,Blaupunkt,HD LED,32,9999,22000,Android,4.1,Televisions
748,Blaupunkt,Ultra HD LED,49,25999,45000,Android,4.0,Televisions
749,Blaupunkt,Full HD LED,43,15999,32000,Android,4.2,Televisions
750,Blaupunkt,Full HD LED,40,15999,28000,Android,4.1,Televisions
751,Blaupunkt,Ultra HD LED,43,21999,40000,Android,3.9,Televisions
752,Blaupunkt,Ultra HD LED,49,28999,55000,Android,4.1,Televisions
753,Coocaa ,Ultra HD LED,50,28990,53990,Android,4.1,Televisions
754,Coocaa ,Ultra HD LED,50,25999,59990,Android,4.3,Televisions
755,Coocaa ,Ultra HD LED,55,31999,69999,Android,4.3,Televisions
756,Dektron,HD LED,19,5499,8999,Linux,,Televisions
757,Dektron,HD LED,22,6999,10999,Linux,,Televisions
758,Dektron,HD LED,20,7399,9999,Linux,,Televisions
759,DETEL ,HD LED,32,11300,23999,Android,3.9,Televisions
760,G-TEN ,Full HD LED,43,16490,47990,Android,3.8,Televisions
761,G-TEN ,HD LED,32,9990,17990,Android,4.3,Televisions
762,G-TEN ,Ultra HD LED,50,22499,58890,Android,3.7,Televisions
763,G-TEN ,Ultra HD LED,55,29399,65990,Android,3.9,Televisions
764,G-TEN ,HD LED,32,12990,19990,Android,3.8,Televisions
765,Haier ,Full HD LED,42,30999,44990,Android,5.0,Televisions
766,Haier ,Full HD LED,43,30990,38642,Android,4.5,Televisions
767,Haier ,Ultra HD LED,50,38590,54990,Android,4.3,Televisions
768,Haier ,HD LED,32,21599,25990,Android,4.0,Televisions
769,Haier ,Ultra HD LED,55,54499,89990,Android,4.6,Televisions
770,Haier ,Ultra HD LED,50,42000,69990,Android,4.0,Televisions
771,Haier ,Ultra HD LED,55,47899,77990,Android,,Televisions
772,Haier ,HD LED,39,15990,31999,Android,4.3,Televisions
773,Haier ,HD LED,32,7739,19990,Android,4.0,Televisions
774,HUIDI ,HD LED,32,9499,16599,Android,4.0,Televisions
775,HUIDI ,Ultra HD LED,49,26999,36999,Android,4.5,Televisions
776,HUIDI ,Ultra HD LED,55,36999,46999,Android,,Televisions
777,iFFALCON by TCL,Ultra HD LED,50,28999,58990,Android,4.3,Televisions
778,iFFALCON by TCL,Ultra HD LED,55,113990,113990,Android,,Televisions
779,iFFALCON by TCL,Ultra HD LED,65,49999,99990,Android,,Televisions
780,IMPEX ,HD LED,32,9999,16990,HomeOS,3.6,Televisions
781,IMPEX ,HD LED,32,11390,18190,HomeOS,4.7,Televisions
782,IMPEX ,HD LED,24,7999,12990,HomeOS,4.4,Televisions
783,IMPEX ,Ultra HD LED,55,60859,89990,Android,,Televisions
784,IMPEX ,Full HD LED,50,31000,49990,Android,,Televisions
785,Intex ,HD LED,38,19800,34600,Android,5.0,Televisions
786,Intex ,Full HD LED,55,49900,49900,Android,4.3,Televisions
787,Intex ,Full HD LED,50,29499,39999,Android,3.8,Televisions
788,Intex ,Full HD LED,43,23688,47990,Android,4.2,Televisions
789,Intex ,Full HD LED,43,35999,35999,Android,4.2,Televisions
790,JVC,Ultra HD LED,65,55000,109000,Android,4.1,Televisions
791,JVC,HD LED,32,16990,21000,Android,4.1,Televisions
792,JVC,HD LED,24,12999,12999,Android,3.8,Televisions
793,KRISONS,HD LED,19,5499,7999,Android,,Televisions
794,KRISONS,HD LED,17,5499,6999,Android,,Televisions
795,Lloyd ,Full HD LED,43,34990,48990,Linux,,Televisions
796,Lloyd ,Ultra HD LED,50,44999,84990,Linux,4.3,Televisions
797,Lloyd ,HD LED,32,18689,26957,Linux,,Televisions
798,Lloyd ,Full HD LED,39,22990,39990,Linux,3.8,Televisions
799,Lloyd ,Full HD LED,48,39999,50990,Linux,,Televisions
800,Lloyd ,Ultra HD LED,43,33999,69990,Linux,4.2,Televisions
801,Lloyd ,HD LED,32,14990,19990,Linux,4.3,Televisions
802,Lloyd ,Ultra HD LED,42,25990,59900,Linux,3.5,Televisions
803,Lloyd ,Full HD LED,55,114990,114990,Linux,,Televisions
804,Lloyd ,Full HD LED,46,55990,55990,Linux,5.0,Televisions
805,Lloyd ,HD LED,32,11000,20990,Linux,3.7,Televisions
806,Lloyd ,HD LED,24,8103,15990,Linux,3.7,Televisions
807,Lloyd ,Ultra HD LED,55,51999,99990,Linux,3.7,Televisions
808,Lloyd ,HD LED,24,13200,14990,Linux,2.5,Televisions
809,Lloyd ,Full HD LED,43,25490,39000,Linux,,Televisions
810,LumX ,HD LED,24,7290,17900,Android,4.3,Televisions
811,LumX ,HD LED,40,29990,29990,Android,,Televisions
812,LumX ,Ultra HD LED,55,65900,65900,Android,,Televisions
816,MarQ by Flipkart,HD LED,32,13499,15499,Android,4.1,Televisions
817,MarQ by Flipkart,Full HD LED,40,18999,29499,Linux,4.3,Televisions
818,MarQ by Flipkart,HD LED,32,10499,18499,Linux,4.3,Televisions
819,Micromax,Ultra HD LED,43,91990,91990,Android,4.0,Televisions
820,Micromax,Full HD LED,40,29990,29990,Android,4.0,Televisions
821,Micromax,Full HD LED,49,65990,65990,Android,4.4,Televisions
822,Micromax,Full HD LED,50,66990,66990,Android,4.3,Televisions
823,Micromax,Full HD LED,55,71990,71990,Android,4.2,Televisions
824,Micromax,HD LED,24,11999,13490,Android,3.9,Televisions
825,Micromax,Full HD LED,24,6179,13390,Android,4.2,Televisions
826,Micromax,HD LED,20,5364,10990,Android,4.1,Televisions
827,MOTOROLA,Ultra HD LED,55,42999,61999,Android,4.4,Televisions
830,MURPHY ,Full HD LED,32,16799,17999,Android,2.6,Televisions
831,OnePlus,Ultra HD LED,50,43999,49999,Android,4.3,Televisions
832,OnePlus,QLED Ultra HD,55,84990,99900,Android,4.8,Televisions
833,OnePlus,Ultra HD LED,65,66999,69999,Android,4.3,Televisions
834,OnePlus,QLED Ultra HD,55,62899,69900,Android,4.6,Televisions
835,Onida,HD LED,24,8359,13490,Android,4.2,Televisions
836,Onida,HD LED,32,22990,22990,Android,4.7,Televisions
837,Onida,Ultra HD LED,43,33190,52900,Android,4.2,Televisions
838,Onida,Full HD LED,32,56990,56990,Android,5.0,Televisions
839,Onida,Full HD LED,32,35990,35990,Android,4.7,Televisions
840,Onix ,HD LED,32,19790,19790,Android,,Televisions
841,Onix ,HD LED,39,14990,26349,Android,3.7,Televisions
842,Onix ,Full HD LED,39,35990,35990,Android,,Televisions
843,Oxygen ,Ultra HD LED,65,56990,124990,Android,,Televisions
844,Oxygen ,Ultra HD LED,43,27999,42990,Android,,Televisions
845,Panasonic,Ultra HD LED,43,30001,79900,HomeOS,4.3,Televisions
846,Panasonic,Ultra HD LED,49,43259,66900,HomeOS,,Televisions
847,Panasonic,Ultra HD LED,55,55890,82400,HomeOS,,Televisions
848,PHILIPS,Full HD LED,43,28999,35990,Linux,4.0,Televisions
849,PHILIPS,HD LED,32,18999,20990,Linux,4.0,Televisions
850,PHILIPS,Full HD LED,43,33459,36990,Android,4.5,Televisions
852,Power Guard,HD LED,24,10990,12990,HomeOS,,Televisions
853,Power Guard,HD LED,24,11999,14990,Android,,Televisions
854,Power Guard,HD LED,32,13300,19990,HomeOS,,Televisions
855,Power Guard,HD LED,32,15650,28990,Android,,Televisions
856,realme ,HD LED,32,11999,21999,Linux,4.3,Televisions
857,realme ,Ultra HD LED,55,46999,69999,Android,4.3,Televisions
858,RGL ,Full HD LED,20,4849,8990,HomeOS,3.9,Televisions
859,RGL ,Full HD LED,21,5200,9420,HomeOS,3.9,Televisions
860,RGL ,Full HD LED,24,5459,12000,HomeOS,3.9,Televisions
861,RGL ,HD LED,32,11290,16990,HomeOS,3.7,Televisions
862,Weston ,Full HD LED,40,27990,27990,Android,4.4,Televisions
863,Weston ,Full HD LED,43,37990,37990,Android,3.9,Televisions
864,Weston ,Ultra HD LED,43,40990,40990,Android,4.3,Televisions
865,Weston ,Full HD LED,49,49990,49990,Android,4.4,Televisions
866,Vu,Ultra HD LED,65,116000,116000,Linux,4.5,Televisions
867,Vu,Full HD LED,40,16999,27000,Linux,4.4,Televisions
868,Vu,Ultra HD LED,43,23999,46165,Linux,4.3,Televisions
869,Vu,Ultra HD LED,50,26360,41990,Linux,4.4,Televisions
870,VG ,HD LED,32,15990,20500,Android,,Televisions
871,VG ,HD LED,39,17999,31000,Android,,Televisions
872,T-Series,HD LED,32,12499,17990,Linux,,Televisions
873,T-Series,HD LED,32,16499,18990,Android,3.9,Televisions
874,T-Series,HD LED,32,15999,20990,Android,,Televisions
875,T-Series,Full HD LED,40,18499,25990,Android,,Televisions
876,TOSHIBA,Full HD LED,43,24999,31990,VIDAA,,Televisions
877,TOSHIBA,Ultra HD LED,65,66999,84990,VIDAA,4.5,Televisions
878,TOSHIBA,Full HD LED,49,29999,51999,VIDAA,,Televisions
879,TOSHIBA,Ultra HD LED,65,96999,133990,VIDAA,,Televisions
880,TCL ,HD LED,32,6166,19990,HomeOS,4.2,Televisions
881,TCL ,HD LED,24,6940,15490,HomeOS,4.2,Televisions
882,TCL ,HD LED,40,8679,29990,HomeOS,4.0,Televisions
883,Sharp ,Full HD LED,60,229900,229900,Linux,,Televisions
884,Sharp ,Full HD LED,46,151990,151990,Linux,,Televisions
885,Sharp ,Full HD LED,70,449900,449900,Linux,,Televisions
886,Sharp ,Full HD LED,52,199990,199990,Linux,,Televisions
887,Sharp ,Full HD LED,40,103990,103990,Linux,,Televisions
888,Sharp ,HD LED,32,15990,22500,Linux,3.0,Televisions
889,Sharp ,HD LED,24,8220,14990,Linux,3.7,Televisions
890,Sansui ,Ultra HD LED,43,30490,35350,Linux,4.1,Televisions
891,Sansui ,Ultra HD LED,55,40999,53290,Linux,4.2,Televisions
892,Sansui ,HD LED,32,15290,20990,Linux,,Televisions
893,Sansui ,QLED Ultra HD,55,49900,72590,Linux,4.3,Televisions
894,Sansui ,Ultra HD LED,65,47999,70290,Linux,4.1,Televisions
895,Sansui ,Full HD LED,49,25999,49999,Android,4.3,Televisions
896,Sansui ,Ultra HD LED,49,59990,59990,Linux,,Televisions
897,Sansui ,HD LED,24,10500,14900,Android,,Televisions
898,SONY ,Ultra HD LED,55,79290,109900,Linux,4.7,Televisions
899,SONY ,Full HD LED,43,44900,44900,Linux,4.6,Televisions
900,SONY ,Ultra HD LED,65,118641,183249,Linux,4.7,Televisions
901,SONY ,Ultra HD LED,50,83491,99913,Linux,4.7,Televisions
902,SONY ,Full HD LED,43,53423,53423,Linux,4.4,Televisions
903,SONY ,Full HD LED,40,29999,49900,Linux,4.4,Televisions
904,SONY ,HD LED,32,25990,31990,Linux,4.4,Televisions
905,SONY ,Full HD LED,32,21223,33900,Linux,4.5,Televisions
906,SONY ,Ultra HD LED,49,54999,114900,Linux,4.6,Televisions
907,SONY ,Full HD LED,43,44999,57900,Linux,4.4,Televisions
908,SONY ,Full HD LED,40,41499,51900,Linux,4.6,Televisions
909,SONY ,Ultra HD LED,65,149990,184990,Linux,4.3,Televisions
910,SONY ,HD LED,32,32900,32900,Linux,4.4,Televisions
911,SONY ,Full HD LED,43,56900,56900,Linux,4.6,Televisions
